{
  "average_macro_f1": 0.46460339424077807,
  "classification_report_per_class": [
    {
      "class": "Q11_2",
      "precision": 0.5804808247308249,
      "recall": 0.835,
      "f1_score": 0.6821274789022463,
      "support": 8
    },
    {
      "class": "Q11_1",
      "precision": 0.397952380952381,
      "recall": 0.19,
      "f1_score": 0.2470793095793095,
      "support": 6
    }
  ]
}