{
  "average_macro_f1": 0.4634343224714742,
  "classification_report_per_class": [
    {
      "class": "Q11_2",
      "precision": 0.5660916860916863,
      "recall": 0.70875,
      "f1_score": 0.6198538688693483,
      "support": 8
    },
    {
      "class": "Q11_1",
      "precision": 0.3986605339105339,
      "recall": 0.27833333333333327,
      "f1_score": 0.3070147760735995,
      "support": 6
    }
  ]
}