{
  "average_macro_f1": 0.22150501844905274,
  "classification_report_per_class": [
    {
      "class": "Q152_1",
      "precision": 0.22233877233877236,
      "recall": 0.17500000000000004,
      "f1_score": 0.19048712824170488,
      "support": 10
    },
    {
      "class": "Q152_2",
      "precision": 0.17428571428571427,
      "recall": 0.08125,
      "f1_score": 0.1089044289044289,
      "support": 8
    },
    {
      "class": "Q152_3",
      "precision": 0.17845238095238095,
      "recall": 0.09444444444444444,
      "f1_score": 0.11809401382930793,
      "support": 9
    },
    {
      "class": "Q152_4",
      "precision": 0.37406772963171514,
      "recall": 0.6352941176470587,
      "f1_score": 0.46853450282076947,
      "support": 17
    }
  ]
}