{
  "average_macro_f1": 0.2785527693392802,
  "classification_report_per_class": [
    {
      "class": "Q152_1",
      "precision": 0.19624507437007438,
      "recall": 0.21500000000000002,
      "f1_score": 0.19760369526825305,
      "support": 10
    },
    {
      "class": "Q152_2",
      "precision": 0.27676587301587297,
      "recall": 0.26875,
      "f1_score": 0.2642575969781852,
      "support": 8
    },
    {
      "class": "Q152_3",
      "precision": 0.24882548007548005,
      "recall": 0.27777777777777773,
      "f1_score": 0.2574961812614928,
      "support": 9
    },
    {
      "class": "Q152_4",
      "precision": 0.41337469633909263,
      "recall": 0.3911764705882352,
      "f1_score": 0.3948536038491897,
      "support": 17
    }
  ]
}