{
  "average_macro_f1": 0.2332422451201476,
  "classification_report_per_class": [
    {
      "class": "Q69_1",
      "precision": 0.2709158896658897,
      "recall": 0.4214285714285714,
      "f1_score": 0.3226640271493213,
      "support": 7
    },
    {
      "class": "Q69_2",
      "precision": 0.3075293054898318,
      "recall": 0.39375,
      "f1_score": 0.33021476574108155,
      "support": 8
    },
    {
      "class": "Q69_3",
      "precision": 0.135,
      "recall": 0.05833333333333333,
      "f1_score": 0.07532106782106782,
      "support": 6
    },
    {
      "class": "Q69_4",
      "precision": 0.24658730158730163,
      "recall": 0.19999999999999998,
      "f1_score": 0.20476911976911977,
      "support": 5
    }
  ]
}