{
  "average_macro_f1": 0.2548266305929689,
  "classification_report_per_class": [
    {
      "class": "Q65_1",
      "precision": 0.17777652902652905,
      "recall": 0.2357142857142857,
      "f1_score": 0.1978571002889215,
      "support": 7
    },
    {
      "class": "Q65_2",
      "precision": 0.16392857142857145,
      "recall": 0.16000000000000003,
      "f1_score": 0.15503108003108002,
      "support": 5
    },
    {
      "class": "Q65_3",
      "precision": 0.31895202020202024,
      "recall": 0.2772727272727272,
      "f1_score": 0.29187220947117976,
      "support": 11
    },
    {
      "class": "Q65_4",
      "precision": 0.4080632235411647,
      "recall": 0.36153846153846164,
      "f1_score": 0.37454613258069414,
      "support": 13
    }
  ]
}