{
  "average_macro_f1": 0.24975505164040834,
  "classification_report_per_class": [
    {
      "class": "Q65_1",
      "precision": 0.1972835497835498,
      "recall": 0.21428571428571427,
      "f1_score": 0.20051411995297444,
      "support": 7
    },
    {
      "class": "Q65_2",
      "precision": 0.14335858585858588,
      "recall": 0.15000000000000002,
      "f1_score": 0.137773199023199,
      "support": 5
    },
    {
      "class": "Q65_3",
      "precision": 0.2971060720325426,
      "recall": 0.30454545454545445,
      "f1_score": 0.2971281477231134,
      "support": 11
    },
    {
      "class": "Q65_4",
      "precision": 0.3891362191729838,
      "recall": 0.3576923076923077,
      "f1_score": 0.36360473986234637,
      "support": 13
    }
  ]
}