{
  "average_macro_f1": 0.22567666296981317,
  "classification_report_per_class": [
    {
      "class": "Q70_1",
      "precision": 0.10416666666666666,
      "recall": 0.1,
      "f1_score": 0.095,
      "support": 2
    },
    {
      "class": "Q70_2",
      "precision": 0.371891743877038,
      "recall": 0.49375,
      "f1_score": 0.41837756936905546,
      "support": 8
    },
    {
      "class": "Q70_3",
      "precision": 0.4003210678210678,
      "recall": 0.4,
      "f1_score": 0.38932908251019704,
      "support": 8
    },
    {
      "class": "Q70_4",
      "precision": 0.0,
      "recall": 0.0,
      "f1_score": 0.0,
      "support": 3
    }
  ]
}