{
  "average_macro_f1": 0.2567280126369301,
  "classification_report_per_class": [
    {
      "class": "Q154_1",
      "precision": 0.21455144528673942,
      "recall": 0.19333333333333338,
      "f1_score": 0.20068910208565383,
      "support": 15
    },
    {
      "class": "Q154_2",
      "precision": 0.29421950797329377,
      "recall": 0.38125,
      "f1_score": 0.3304119685985105,
      "support": 16
    },
    {
      "class": "Q154_3",
      "precision": 0.2648579198579199,
      "recall": 0.18846153846153846,
      "f1_score": 0.21341533688049208,
      "support": 13
    },
    {
      "class": "Q154_4",
      "precision": 0.2779222975740004,
      "recall": 0.29375,
      "f1_score": 0.28239564298306413,
      "support": 16
    }
  ]
}