{
  "learn": {
    "Logloss": [
      0.6903199415940505,
      0.6869420271653396,
      0.6811992938701923,
      0.67950072655311,
      0.6759975873506986,
      0.6710825700026292,
      0.6669650444617639,
      0.6639650785006009,
      0.6610783063448392,
      0.6576915154090295,
      0.6545653709998498,
      0.651440326984112,
      0.6492349184476413,
      0.6459093827467698,
      0.642974853515625,
      0.6388246096097506,
      0.6361747154822717,
      0.6331587571364182,
      0.6280011397141677,
      0.6244722513052133,
      0.6214681038489709,
      0.6184120178222656,
      0.6154614962064303,
      0.6120058573209323,
      0.6084178411043607,
      0.6064209938049316,
      0.603855719933143,
      0.6025466918945312,
      0.5992706005389874,
      0.5970983505249023,
      0.5921452228839581,
      0.5903866841242864,
      0.5877925432645358,
      0.5842769329364483,
      0.5824663455669696,
      0.5796626164362981,
      0.5766950387221116,
      0.5735307840200571,
      0.5701562808110163,
      0.5667362946730393,
      0.5653866621164175,
      0.5634088149437537,
      0.561369199019212,
      0.5588319118206317,
      0.556670042184683,
      0.5523657065171462,
      0.5495367416968713,
      0.5466216160700872,
      0.5425878671499399,
      0.5397915473351111,
      0.5382451277512771,
      0.5356297126183143,
      0.5326342215904822,
      0.5309593860919659,
      0.5272640448350173,
      0.5242977142333984,
      0.521096816429725,
      0.5185818305382361,
      0.5159842417790339,
      0.5130625504713792,
      0.511141483600323,
      0.5079479951124924,
      0.5064237667964056,
      0.5047428791339581
    ],
    "F1": [
      0.9921259842519685,
      0.9767441860465116,
      0.9846153846153847,
      0.9922480620155039,
      0.9922480620155039,
      0.9922480620155039,
      0.9922480620155039,
      0.9922480620155039,
      1.0,
      1.0,
      1.0,
      1.0,
      1.0,
      1.0,
      1.0,
      1.0,
      1.0,
      1.0,
      1.0,
      1.0,
      1.0,
      1.0,
      1.0,
      1.0,
      1.0,
      1.0,
      1.0,
      1.0,
      1.0,
      1.0,
      1.0,
      1.0,
      1.0,
      1.0,
      1.0,
      1.0,
      1.0,
      1.0,
      1.0,
      1.0,
      1.0,
      1.0,
      1.0,
      1.0,
      1.0,
      1.0,
      1.0,
      1.0,
      1.0,
      1.0,
      1.0,
      1.0,
      1.0,
      1.0,
      1.0,
      1.0,
      1.0,
      1.0,
      1.0,
      1.0,
      1.0,
      1.0,
      1.0,
      1.0
    ]
  },
  "validation": {
    "Logloss": [
      0.6919885782095102,
      0.6924878633939303,
      0.6894421210655799,
      0.6882801055908203,
      0.6871949709378756,
      0.6841520162729117,
      0.6827647869403546,
      0.6814598670372596,
      0.6807118929349459,
      0.6789315297053411,
      0.6774330139160156,
      0.6767716040978065,
      0.6763648986816406,
      0.6758273931650015,
      0.6755184760460486,
      0.6726402135995718,
      0.6718529921311599,
      0.6714938237116888,
      0.667153578538161,
      0.6649425213153546,
      0.663582288301908,
      0.6618364774263822,
      0.6609180157001202,
      0.6579528221717248,
      0.6564968549288236,
      0.6548641644991361,
      0.6527612392718976,
      0.6527523627647986,
      0.6516252664419321,
      0.6510065518892728,
      0.6487475175123948,
      0.6481901315542368,
      0.6464518033541166,
      0.6452512741088867,
      0.6442294487586389,
      0.6431861290564904,
      0.6425246458787185,
      0.6411966177133414,
      0.6399389413686899,
      0.6384475414569561,
      0.6373101747952975,
      0.6365871429443359,
      0.6347785362830529,
      0.633882082425631,
      0.6341566672691932,
      0.631108650794396,
      0.6326157496525691,
      0.632475339449369,
      0.630880722632775,
      0.6298659398005559,
      0.6293449401855469,
      0.6275799091045673,
      0.6267524132361779,
      0.6255535712608924,
      0.6243074857271634,
      0.622958256648137,
      0.620822026179387,
      0.6186472819401667,
      0.6167449951171875,
      0.6151550366328313,
      0.6140925700847919,
      0.612221571115347,
      0.6107448431161734,
      0.6097119037921612
    ],
    "F1": [
      0.7777777777777777,
      0.4615384615384615,
      0.8421052631578948,
      0.8421052631578948,
      0.8,
      0.8421052631578948,
      0.8421052631578948,
      0.8421052631578948,
      0.8421052631578948,
      0.8421052631578948,
      0.8421052631578948,
      0.8421052631578948,
      0.8421052631578948,
      0.8421052631578948,
      0.823529411764706,
      0.8421052631578948,
      0.8421052631578948,
      0.8421052631578948,
      0.8421052631578948,
      0.8421052631578948,
      0.8421052631578948,
      0.8421052631578948,
      0.8421052631578948,
      0.8421052631578948,
      0.8,
      0.8421052631578948,
      0.8421052631578948,
      0.8421052631578948,
      0.888888888888889,
      0.8421052631578948,
      0.8,
      0.8,
      0.8421052631578948,
      0.8421052631578948,
      0.8421052631578948,
      0.8421052631578948,
      0.8421052631578948,
      0.8421052631578948,
      0.8421052631578948,
      0.8421052631578948,
      0.888888888888889,
      0.888888888888889,
      0.8421052631578948,
      0.888888888888889,
      0.8421052631578948,
      0.888888888888889,
      0.8421052631578948,
      0.8421052631578948,
      0.8,
      0.8,
      0.8,
      0.8,
      0.8,
      0.8,
      0.8421052631578948,
      0.8,
      0.8,
      0.8,
      0.8,
      0.8,
      0.8,
      0.8421052631578948,
      0.8421052631578948,
      0.888888888888889
    ]
  },
  "best_iteration": 28,
  "train_metric_at_best": 0.5992706005389874,
  "val_metric_at_best": 0.6516252664419321
}