{
  "average_macro_f1": 0.49675097125097123,
  "classification_report_per_class": [
    {
      "class": "Q8_2",
      "precision": 0.4190238095238095,
      "recall": 0.31,
      "f1_score": 0.3390411255411254,
      "support": 4
    },
    {
      "class": "Q8_1",
      "precision": 0.6099365079365081,
      "recall": 0.721666666666667,
      "f1_score": 0.6544608169608165,
      "support": 6
    }
  ]
}