{
  "learn": {
    "Logloss": [
      0.6679809276874249,
      0.6585989732008714,
      0.6341338524451623,
      0.6214846097506009,
      0.6067608686593863,
      0.5937140171344464,
      0.5832566481370193,
      0.5753726592430701,
      0.5630058875450721,
      0.554096845480112,
      0.5470284682053786,
      0.5305337172288161,
      0.5283586428715632,
      0.51901520215548,
      0.5052916820232685,
      0.4927990986750676,
      0.4826613939725436,
      0.47352845852191633,
      0.4660191902747521,
      0.461669921875,
      0.4391285822941707,
      0.429256219130296,
      0.42544196202204776,
      0.41952874110295224,
      0.41253302647517276,
      0.39822816848754883,
      0.3915847631601187,
      0.3875766900869516,
      0.3836249571580153,
      0.377468255849985,
      0.3704298459566556,
      0.3553338417640099,
      0.3540804936335637,
      0.34841089982252854,
      0.34171086091261643,
      0.339016107412485,
      0.3304287103506235,
      0.3260179666372446,
      0.3230770918039175,
      0.31709131827721226,
      0.31242818098801833,
      0.3083293621356671,
      0.300813968365009,
      0.2953323951134315,
      0.291070607992319,
      0.28820074521578276,
      0.2839111548203688,
      0.2808864666865422,
      0.2729169772221492,
      0.2708186919872577,
      0.266812801361084,
      0.26384368309607875,
      0.2609664843632625,
      0.2575536324427678
    ],
    "F1": [
      0.8928571428571429,
      0.8813559322033899,
      0.9310344827586207,
      0.9655172413793104,
      0.9655172413793104,
      0.9824561403508771,
      0.9824561403508771,
      0.9824561403508771,
      0.9824561403508771,
      0.9824561403508771,
      0.9824561403508771,
      1.0,
      1.0,
      1.0,
      1.0,
      1.0,
      1.0,
      1.0,
      1.0,
      1.0,
      1.0,
      1.0,
      1.0,
      1.0,
      1.0,
      1.0,
      1.0,
      1.0,
      1.0,
      1.0,
      1.0,
      1.0,
      1.0,
      1.0,
      1.0,
      1.0,
      1.0,
      1.0,
      1.0,
      1.0,
      1.0,
      1.0,
      1.0,
      1.0,
      1.0,
      1.0,
      1.0,
      1.0,
      1.0,
      1.0,
      1.0,
      1.0,
      1.0,
      1.0
    ]
  },
  "validation": {
    "Logloss": [
      0.6924358367919922,
      0.6971352577209473,
      0.6978596687316895,
      0.6947443962097168,
      0.6921247482299805,
      0.6934590816497803,
      0.6865240573883057,
      0.6888059139251709,
      0.6850590705871582,
      0.6764712333679199,
      0.6701342105865479,
      0.6533031463623047,
      0.6543342113494873,
      0.6498763561248779,
      0.6502962112426758,
      0.6486780643463135,
      0.6583739757537842,
      0.6540037155151367,
      0.6489963531494141,
      0.6402059555053711,
      0.6356285095214844,
      0.628202247619629,
      0.626476526260376,
      0.6212369918823242,
      0.6221145629882813,
      0.6158082008361816,
      0.611967945098877,
      0.6094151496887207,
      0.6096015453338623,
      0.6119965076446533,
      0.6070106029510498,
      0.6067028999328613,
      0.6060432434082031,
      0.6006330490112305,
      0.5993264198303223,
      0.5923148155212402,
      0.5928205966949462,
      0.58760986328125,
      0.5897901058197021,
      0.5835142135620117,
      0.5824569702148438,
      0.5791040420532226,
      0.5769488334655761,
      0.5761166572570801,
      0.5733799934387207,
      0.5688345909118653,
      0.5711009979248047,
      0.5693398475646972,
      0.5613033294677734,
      0.5629897594451905,
      0.5615608215332031,
      0.5615849494934082,
      0.5588305473327637,
      0.5585073471069336
    ],
    "F1": [
      0.4444444444444444,
      0.4,
      0.3636363636363636,
      0.3636363636363636,
      0.6153846153846153,
      0.5714285714285715,
      0.5714285714285715,
      0.5714285714285715,
      0.5714285714285715,
      0.6666666666666667,
      0.7142857142857143,
      0.7142857142857143,
      0.7142857142857143,
      0.7692307692307692,
      0.7692307692307692,
      0.7692307692307692,
      0.7142857142857143,
      0.7142857142857143,
      0.7142857142857143,
      0.7692307692307692,
      0.7142857142857143,
      0.7142857142857143,
      0.7692307692307692,
      0.8333333333333334,
      0.7272727272727272,
      0.8333333333333334,
      0.7692307692307692,
      0.7692307692307692,
      0.7692307692307692,
      0.7692307692307692,
      0.7692307692307692,
      0.7142857142857143,
      0.7692307692307692,
      0.8333333333333334,
      0.7692307692307692,
      0.8333333333333334,
      0.8333333333333334,
      0.8333333333333334,
      0.8333333333333334,
      0.8333333333333334,
      0.8333333333333334,
      0.8333333333333334,
      0.8333333333333334,
      0.7692307692307692,
      0.7692307692307692,
      0.7692307692307692,
      0.7692307692307692,
      0.7692307692307692,
      0.7692307692307692,
      0.7692307692307692,
      0.7692307692307692,
      0.7692307692307692,
      0.7142857142857143,
      0.7692307692307692
    ]
  },
  "best_iteration": 23,
  "train_metric_at_best": 0.41952874110295224,
  "val_metric_at_best": 0.6212369918823242
}